Year,Month,Day,Hour,PredictedFWaterLevel
2024,10,22,18,2.0144248
2024,10,22,19,2.266259
2024,10,22,20,2.4920168
2024,10,22,21,2.447907
2024,10,22,22,2.6513364
2024,10,22,23,2.7023604
